Firstname,Lastname,Username,Email,Age
Lee,Jeongpyo,,pouringlife@naver.com,1
Lee,Jeongpyo,,pouringlife@naver.com,2
Lee,Jeongpyo,,pouringlife@naver.com,4
Lee,Jeongpyo,,pouringlife@naver.com,3
Lee,Jeongpyo,,pouringlife@naver.com,5
Lee,Jeongpyo,,pouringlife@naver.com,6
Lee,Jeongpyo,,pouringlife@naver.com,7
Lee,Jeongpyo,,pouringlife@naver.com,9
Lee,Jeongpyo,,pouringlife@naver.com,8
Lee,Jeongpyo,,pouringlife@naver.com,10
Lee,Jeongpyo,,pouringlife@naver.com,11
Lee,Jeongpyo,,pouringlife@naver.com,12
Lee,Jeongpyo,,pouringlife@naver.com,14
Lee,Jeongpyo,,pouringlife@naver.com,13
Lee,Jeongpyo,,pouringlife@naver.com,15
Lee,Jeongpyo,,pouringlife@naver.com,16
Lee,Jeongpyo,,pouringlife@naver.com,17
Lee,Jeongpyo,,pouringlife@naver.com,19
Lee,Jeongpyo,,pouringlife@naver.com,18
Lee,Jeongpyo,,pouringlife@naver.com,20
Lee,Jeongpyo,,pouringlife@naver.com,21
Lee,Jeongpyo,,pouringlife@naver.com,22
Lee,Jeongpyo,,pouringlife@naver.com,24
Lee,Jeongpyo,,pouringlife@naver.com,23
Lee,Jeongpyo,,pouringlife@naver.com,25
Lee,Jeongpyo,,pouringlife@naver.com,26
Lee,Jeongpyo,,pouringlife@naver.com,27
Lee,Jeongpyo,,pouringlife@naver.com,29
Lee,Jeongpyo,,pouringlife@naver.com,28
Lee,Jeongpyo,,pouringlife@naver.com,30
Lee,Jeongpyo,,pouringlife@naver.com,31
Lee,Jeongpyo,,pouringlife@naver.com,32
Lee,Jeongpyo,,pouringlife@naver.com,34
Lee,Jeongpyo,,pouringlife@naver.com,33
Lee,Jeongpyo,,pouringlife@naver.com,35
Lee,Jeongpyo,,pouringlife@naver.com,36
Lee,Jeongpyo,,pouringlife@naver.com,37
Lee,Jeongpyo,,pouringlife@naver.com,39
Lee,Jeongpyo,,pouringlife@naver.com,38
